postcode,suburb
872,AMATA
872,ANANGU PITJANTJATJARA YANKUNYTJATJARA
872,AYERS RANGE SOUTH
872,DE ROSE HILL
872,IWANTJA
872,KALKA
872,KALTJITI
872,KANPI
872,LAMBINA
872,MIMILI
872,MURPUTJA
872,NYAPARI
872,PIPALYATJARA
872,PUKATJA
872,TIEYON
872,UMUWA
872,WATARRU
872,WATINUMA
872,YUNYARINYI
5007,WELLAND
5522,FISHERMAN BAY
5522,PORT BROUGHTON
5522,WARD HILL
5558,NALYAPPA
5000,ADELAIDE
5006,NORTH ADELAIDE
5007,BOWDEN
5007,BROMPTON
5007,HINDMARSH
5010,ANGLE PARK
5007,WEST HINDMARSH
5008,CROYDON
5008,CROYDON PARK
5008,DEVON PARK
5008,DUDLEY PARK
5008,RENOWN PARK
5008,RIDLEYTON
5008,WEST CROYDON
5009,ALLENBY GARDENS
5009,BEVERLEY
5009,KILKENNY
5010,FERRYDEN PARK
5010,REGENCY PARK
5011,ST CLAIR
5011,WOODVILLE
5011,WOODVILLE PARK
5011,WOODVILLE SOUTH
5011,WOODVILLE WEST
5012,ATHOL PARK
5012,MANSFIELD PARK
5012,WOODVILLE GARDENS
5012,WOODVILLE NORTH
5013,GILLMAN
5554,MATTA FLAT
5013,OTTOWAY
5013,PENNINGTON
5013,ROSEWATER
5013,WINGFIELD
5014,ALBERT PARK
5014,ALBERTON
5014,CHELTENHAM
5014,HENDON
5014,QUEENSTOWN
5014,ROYAL PARK
5015,BIRKENHEAD
5015,ETHELTON
5015,GARDEN ISLAND
5015,GLANVILLE
5015,NEW PORT
5015,PORT ADELAIDE
5015,TORRENS ISLAND
5016,LARGS BAY
5016,LARGS NORTH
5016,PETERHEAD
5017,OSBORNE
5017,TAPEROO
5038,CAMDEN PARK
5554,NEW TOWN
5018,NORTH HAVEN
5018,OUTER HARBOR
5019,EXETER
5019,SEMAPHORE
5019,SEMAPHORE PARK
5019,SEMAPHORE SOUTH
5020,WEST LAKES SHORE
5021,WEST LAKES
5022,GRANGE
5022,HENLEY BEACH
5022,HENLEY BEACH SOUTH
5034,GOODWOOD
5022,TENNYSON
5023,FINDON
5023,SEATON
5024,FULHAM
5034,KINGS PARK
5038,PLYMPTON
5024,FULHAM GARDENS
5024,WEST BEACH
5025,FLINDERS PARK
5172,WHITES VALLEY
5025,KIDMAN PARK
5031,MILE END
5031,MILE END SOUTH
5031,THEBARTON
5031,TORRENSVILLE
5032,BROOKLYN PARK
5037,NORTH PLYMPTON
5330,HAWKS NEST STATION
5032,LOCKLEYS
5032,UNDERDALE
5033,COWANDILLA
5033,HILTON
5033,MARLESTON
5033,RICHMOND
5033,WEST RICHMOND
5034,CLARENCE PARK
5034,MILLSWOOD
5034,WAYVILLE
5035,ASHFORD
5035,BLACK FOREST
5035,EVERARD PARK
5035,FORESTVILLE
5035,KESWICK
5035,KESWICK TERMINAL
5037,GLANDORE
5037,KURRALTA PARK
5037,NETLEY
5038,PLYMPTON PARK
5038,SOUTH PLYMPTON
5039,CLARENCE GARDENS
5039,EDWARDSTOWN
5039,MELROSE PARK
5040,NOVAR GARDENS
5041,COLONEL LIGHT GARDENS
5041,CUMBERLAND PARK
5041,DAW PARK
5041,PANORAMA
5041,WESTBOURNE PARK
5042,BEDFORD PARK
5042,CLOVELLY PARK
5042,PASADENA
5042,ST MARYS
5042,TONSLEY
5043,ASCOT PARK
5043,MARION
5043,MITCHELL PARK
5043,MORPHETTVILLE
5043,PARK HOLME
5044,GLENGOWRIE
5044,SOMERTON PARK
5045,GLENELG
5045,GLENELG EAST
5045,GLENELG NORTH
5045,GLENELG SOUTH
5046,OAKLANDS PARK
5046,WARRADALE
5047,DARLINGTON
5047,SEACOMBE GARDENS
5047,SEACOMBE HEIGHTS
5047,STURT
5048,BRIGHTON
5048,DOVER GARDENS
5048,HOVE
5048,NORTH BRIGHTON
5048,SOUTH BRIGHTON
5049,KINGSTON PARK
5062,BROWN HILL CREEK
5049,MARINO
5049,SEACLIFF
5049,SEACLIFF PARK
5049,SEAVIEW DOWNS
5051,BLACKWOOD
5062,CLAPHAM
5062,HAWTHORN
5050,BELLEVUE HEIGHTS
5050,EDEN HILLS
5051,COROMANDEL VALLEY
5051,CRAIGBURN FARM
5051,HAWTHORNDENE
5052,BELAIR
5052,GLENALTA
5061,HYDE PARK
5061,MALVERN
5061,UNLEY
5061,UNLEY PARK
5062,KINGSWOOD
5062,LOWER MITCHAM
5062,LYNTON
5062,MITCHAM
5062,NETHERBY
5062,SPRINGFIELD
5062,TORRENS PARK
5063,EASTWOOD
5063,FREWVILLE
5063,FULLARTON
5109,BRAHMA LODGE
5063,HIGHGATE
5063,PARKSIDE
5064,GLEN OSMOND
5064,GLENUNGA
5064,MOUNT OSMOND
5064,MYRTLE BANK
5064,ST GEORGES
5064,URRBRAE
5065,DULWICH
5065,GLENSIDE
5065,LINDEN PARK
5065,TOORAK GARDENS
5065,TUSMORE
5066,BEAUMONT
5066,BURNSIDE
5066,ERINDALE
5066,HAZELWOOD PARK
5066,STONYFELL
5066,WATERFALL GULLY
5083,SEFTON PARK
5066,WATTLE PARK
5067,BEULAH PARK
5067,KENT TOWN
5067,NORWOOD
5067,ROSE PARK
5068,HEATHPOOL
5068,KENSINGTON
5068,KENSINGTON GARDENS
5068,KENSINGTON PARK
5068,LEABROOK
5068,MARRYATVILLE
5086,HAMPSTEAD GARDENS
5068,ST MORRIS
5068,TRINITY GARDENS
5069,COLLEGE PARK
5069,EVANDALE
5069,HACKNEY
5069,MAYLANDS
5069,ST PETERS
5069,STEPNEY
5554,THOMAS PLAIN
5070,FELIXSTOW
5070,FIRLE
5070,GLYNDE
5070,JOSLIN
5070,MARDEN
5070,PAYNEHAM
5070,PAYNEHAM SOUTH
5070,ROYSTON PARK
5072,AULDANA
5086,HILLCREST
5072,MAGILL
5072,ROSSLYN PARK
5072,SKYE
5072,TERINGIE
5072,WOODFORDE
5073,HECTORVILLE
5073,ROSTREVOR
5073,TRANMERE
5074,CAMPBELLTOWN
5074,NEWTON
5075,DERNANCOURT
5075,PARADISE
5076,ATHELSTONE
5081,VALE PARK
5086,MANNINGHAM
5076,CASTAMBUL
5081,COLLINSWOOD
5081,GILBERTON
5081,MEDINDIE
5081,MEDINDIE GARDENS
5086,OAKDEN
5081,WALKERVILLE
5082,FITZROY
5082,OVINGHAM
5082,PROSPECT
5082,THORNGATE
5083,BROADVIEW
5083,NAILSWORTH
5084,BLAIR ATHOL
5084,KILBURN
5085,CLEARVIEW
5085,ENFIELD
5085,LIGHTSVIEW
5085,NORTHFIELD
5085,NORTHGATE
5086,GILLES PLAINS
5086,GREENACRES
5087,KLEMZIG
5087,WINDSOR GARDENS
5088,HOLDEN HILL
5092,MODBURY
5092,MODBURY HEIGHTS
5089,HIGHBURY
5090,HOPE VALLEY
5091,BANKSIA PARK
5091,TEA TREE GULLY
5091,VISTA
5092,MODBURY NORTH
5093,PARA VISTA
5093,VALLEY VIEW
5094,CAVAN
5094,DRY CREEK
5094,GEPPS CROSS
5095,MAWSON LAKES
5095,POORAKA
5096,GULFVIEW HEIGHTS
5096,PARA HILLS
5096,PARA HILLS WEST
5097,REDWOOD PARK
5097,RIDGEHAVEN
5097,ST AGNES
5115,MUNNO PARA
5098,INGLE FARM
5098,WALKLEY HEIGHTS
5106,PARAFIELD
5106,SALISBURY SOUTH
5107,GREEN FIELDS
5107,PARAFIELD GARDENS
5108,SALISBURY DOWNS
5111,EDINBURGH
5108,PARALOWIE
5108,SALISBURY
5108,SALISBURY NORTH
5734,ERINGA
5109,SALISBURY EAST
5109,SALISBURY HEIGHTS
5109,SALISBURY PARK
5109,SALISBURY PLAIN
5112,ELIZABETH
5112,ELIZABETH EAST
5110,BOLIVAR
5110,BURTON
5110,DIREK
5110,GLOBE DERBY PARK
5112,ELIZABETH GROVE
5112,ELIZABETH SOUTH
5114,ANDREWS FARM
5114,BLAKEVIEW
5558,NORTH MOONTA
5110,ST KILDA
5110,WATERLOO CORNER
5112,ELIZABETH VALE
5112,HILLBANK
5113,DAVOREN PARK
5113,EDINBURGH NORTH
5113,ELIZABETH DOWNS
5113,ELIZABETH NORTH
5113,ELIZABETH PARK
5115,KUDLA
5114,CRAIGMORE
5114,GOULD CREEK
5558,NORTH YELTA
5114,HUMBUG SCRUB
5114,ONE TREE HILL
5114,SAMPSON FLAT
5114,SMITHFIELD
5114,SMITHFIELD PLAINS
5114,ULEYBURY
5114,YATTALUNGA
5115,MUNNO PARA DOWNS
5115,MUNNO PARA WEST
5116,EVANSTON
5116,EVANSTON GARDENS
5116,EVANSTON PARK
5116,EVANSTON SOUTH
5118,GAWLER EAST
5127,WYNN VALE
5116,HILLIER
5118,WILLASTON
5120,BUCKLAND PARK
5558,PARAMATTA
5117,ANGLE VALE
5120,RIVERLEA PARK
5118,BIBARINGA
5118,GAWLER RIVER
5118,BUCHFELDE
5118,KINGSFORD
5118,CONCORDIA
5118,REID
5118,WARD BELT
5126,SURREY DOWNS
5118,GAWLER
5118,GAWLER BELT
5126,YATALA VALE
5169,SEAFORD RISE
5118,GAWLER SOUTH
5118,GAWLER WEST
5118,HEWETT
5118,KALBEEBA
5118,KANGAROO FLAT
5131,HOUGHTON
5120,VIRGINIA
5121,EYRE
5121,MACDONALD PARK
5121,PENFIELD
5121,PENFIELD GARDENS
5125,GOLDEN GROVE
5125,GREENWITH
5126,FAIRVIEW PARK
5734,MACUMBA
5131,LOWER HERMITAGE
5131,UPPER HERMITAGE
5133,INGLEWOOD
5734,MOUNT SARAH
5132,PARACOMBE
5134,CHERRYVILLE
5134,MONTACUTE
5136,NORTON SUMMIT
5137,ASHTON
5251,MOUNT BARKER JUNCTION
5137,MARBLE HILL
5138,BASKET RANGE
5139,FOREST RANGE
5140,GREENHILL
5141,HORSNELL GULLY
5141,SUMMERTOWN
5734,OODNADATTA
5142,URAIDLA
5144,CAREY GULLY
5150,LEAWOOD GARDENS
5151,PICCADILLY
5152,CLELAND
5152,CRAFERS
5152,CRAFERS WEST
5152,STIRLING
5153,BIGGS FLAT
5153,BRADBURY
5153,CHAPEL HILL
5153,ECHUNGA
5153,FLAXLEY
5153,GREEN HILLS RANGE
5153,HEATHFIELD
5153,IRONBANK
5153,JUPITER CREEK
5153,LONGWOOD
5250,TOTNESS
5153,MACCLESFIELD
5153,MYLOR
5153,SCOTT CREEK
5172,WILLUNGA
5154,ALDGATE
5155,BRIDGEWATER
5155,MOUNT GEORGE
5156,UPPER STURT
5158,TROTT PARK
5310,CALIPH
5157,ASHBOURNE
5157,BULL CREEK
5157,CHERRY GARDENS
5157,CLARENDON
5157,COROMANDEL EAST
5311,VEITCH
5157,DORSET VALE
5157,KANGARILLA
5157,MCHARG CREEK
5158,SHEIDOW PARK
5158,HALLETT COVE
5158,O'HALLORAN HILL
5159,ABERFOYLE PARK
5159,CHANDLERS HILL
5159,FLAGSTAFF HILL
5159,HAPPY VALLEY
5162,WOODCROFT
5163,HACKHAM
5163,HACKHAM WEST
5160,LONSDALE
5161,OLD REYNELLA
5161,REYNELLA
5161,REYNELLA EAST
5162,MORPHETT VALE
5163,HUNTFIELD HEIGHTS
5163,ONKAPARINGA HILLS
5164,CHRISTIE DOWNS
5172,WILLUNGA HILL
5165,CHRISTIES BEACH
5166,O'SULLIVAN BEACH
5167,PORT NOARLUNGA
5167,PORT NOARLUNGA SOUTH
5168,NOARLUNGA CENTRE
5169,SEAFORD MEADOWS
5168,NOARLUNGA DOWNS
5168,OLD NOARLUNGA
5169,MOANA
5169,SEAFORD
5169,SEAFORD HEIGHTS
5170,MASLIN BEACH
5171,BLEWITT SPRINGS
5171,MCLAREN FLAT
5172,THE RANGE
5171,MCLAREN VALE
5171,TATACHILLA
5172,DINGABLEDINGA
5172,HOPE FOREST
5172,KUITPO COLONY
5172,KYEEMA
5172,MONTARRA
5172,PAGES FLAT
5172,WILLUNGA SOUTH
5172,YUNDI
5173,ALDINGA
5173,PORT WILLUNGA
5201,PROSPECT HILL
5202,HINDMARSH TIERS
5173,ALDINGA BEACH
5251,MOUNT BARKER SPRINGS
5174,SELLICKS BEACH
5201,KUITPO
5201,MEADOWS
5201,PARIS CREEK
5440,BOOLCOOMATTA
5174,SELLICKS HILL
5201,BLACKFELLOWS CREEK
5554,WALLAROO MINES
5202,MYPONGA
5202,MYPONGA BEACH
5203,BALD HILLS
5203,PARAWA
5203,TORRENS VALE
5203,TUNKALILLA
5203,WATTLE FLAT
5251,MOUNT BARKER SUMMIT
5203,YANKALILLA
5204,CAPE JERVIS
5204,HAY FLAT
5204,NORMANVILLE
5204,RAPID BAY
5204,SECOND VALLEY
5204,SILVERTON
5204,WIRRINA COVE
5253,ETTRICK
5204,CARRICKALINGA
5204,DEEP CREEK
5204,DELAMERE
5253,GIFFORD HILL
5210,MOUNT COMPASS
5210,MOUNT MAGNIFICENT
5210,NANGKITA
5211,BACK VALLEY
5214,GOOLWA
5253,GREENBANKS
5211,CHITON
5211,ENCOUNTER BAY
5211,HAYBOROUGH
5211,HINDMARSH VALLEY
5211,INMAN VALLEY
5211,LOWER INMAN VALLEY
5211,MCCRACKEN
5211,MOUNT JAGGED
5214,GOOLWA BEACH
5214,GOOLWA NORTH
5235,SPRINGTON
5211,VICTOR HARBOR
5211,WAITPINGA
5211,WILLOW CREEK
5212,PORT ELLIOT
5214,MUNDOO ISLAND
5213,MIDDLETON
5214,CURRENCY CREEK
5214,GOOLWA SOUTH
5214,HINDMARSH ISLAND
5214,MOSQUITO HILL
5220,PARNDANA
5235,TAUNTON
5554,WILLAMULKA
5221,AMERICAN RIVER
5221,BALLAST HEAD
5223,DUNCAN
5223,EMU BAY
5223,FLINDERS CHASE
5221,MUSTON
5222,AMERICAN BEACH
5223,GOSSE
5223,HAINES
5223,KARATTA
5223,KINGSCOTE
5222,ANTECHAMBER BAY
5223,KOHINOOR
5223,MACGILLIVRAY
5357,NEW WELL
5222,BAUDIN BEACH
5223,MENZIES
5223,MIDDLE RIVER
5223,NEPEAN BAY
5223,NEWLAND
5223,NORTH CAPE
5223,SEAL BAY
5222,BROWN BEACH
5222,CUTTLEFISH BAY
5222,DUDLEY EAST
5222,DUDLEY WEST
5222,IRONSTONE
5223,SEDDON
5223,STOKES BAY
5223,STUN'SAIL BOOM
5223,VIVONNE BAY
5223,WESTERN RIVER
5223,WISANGER
5231,CHAIN OF PONDS
5251,BUGLE RANGES
5222,ISLAND BEACH
5222,KANGAROO HEAD
5222,PELICAN LAGOON
5222,PENNESHAW
5222,PORKY FLAT
5233,GUMERACHA
5233,KENTON VALLEY
5253,WOODS POINT
5222,SAPPHIRETOWN
5222,WILLOUGHBY
5222,WILLSON RIVER
5234,BIRDWOOD
5235,CROMER
5267,MOUNT CHARLES
5223,BAY OF SHOALS
5223,BIRCHMORE
5235,EDEN VALLEY
5235,FLAXMAN VALLEY
5223,BROWNLOW KI
5223,CAPE BORDA
5223,CASSINI
5235,MOUNT PLEASANT
5223,CYGNET RIVER
5223,D'ESTREES BAY
5223,DE MOLE RIVER
5267,PETHERICK
5231,KERSBROOK
5231,MILLBROOK
5232,CUDLEE CREEK
5233,FORRESTON
5267,SHAUGH
5236,TUNGKILLO
5237,APAMURRA
5237,MILENDELLA
5237,PALMER
5237,SANDERSTON
5238,ANGAS VALLEY
5238,BIG BEND
5238,BOLTO
5238,BOWHILL
5254,CALOOTE
5238,CAURNAMONT
5238,CLAYPANS
5238,COWIRRA
5238,FIVE MILES
5238,FORSTER
5238,FRAHNS
5238,FRAYVILLE
5238,JULANKA HOLDINGS
5238,LAKE CARLET
5238,MANNUM
5238,NILDOTTIE
5238,OLD TEAL FLAT
5238,PELLARING FLAT
5238,POMPOOTA
5238,PONDE
5238,PORT MANNUM
5238,PUNTHARI
5238,PURNONG
5238,ROCKY POINT
5238,TEAL FLAT
5251,MOUNT BARKER
5238,WALKER FLAT
5238,WONGULLA
5238,YOUNGHUSBAND
5238,YOUNGHUSBAND HOLDINGS
5240,LENSWOOD
5241,LOBETHAL
5242,BALHANNAH
5243,OAKBANK
5244,CHARLESTON
5244,MOUNT TORRENS
5244,WOODSIDE
5244,HARROGATE
5250,LITTLEHAMPTON
5245,HAHNDORF
5245,PAECHTOWN
5245,VERDUN
5250,BLAKISTON
5251,WISTOW
5252,BRUKUNGA
5252,DAWESLEY
5252,HAY VALLEY
5253,LONG FLAT
5253,MOBILONG
5253,MONTEITH
5253,MURRAWONG
5252,KANMANTOO
5252,NAIRNE
5253,MURRAY BRIDGE
5254,MONARTO
5252,ST IVES
5253,AVOCA DELL
5253,BRINKLEY
5253,BURDETT
5253,CHAPMAN BORE
5253,MURRAY BRIDGE EAST
5253,MURRAY BRIDGE NORTH
5253,MURRAY BRIDGE SOUTH
5253,NORTHERN HEIGHTS
5253,RIVERGLADES
5253,RIVERGLEN
5253,SUNNYSIDE
5253,SWANPORT
5253,TOORA
5253,WHITE SANDS
5253,WILLOW BANKS
5320,MORPHETTS FLAT
5254,CALLINGTON
5254,MONARTO SOUTH
5254,MYPOLONGA
5254,PALLAMANA
5254,PETWOOD
5254,ROCKLEIGH
5254,ROCKY GULLY
5254,TEPKO
5254,WALL FLAT
5254,WHITE HILL
5254,WOODLANE
5254,ZADOWS LANDING
5268,BANGHAM
5255,ANGAS PLAINS
5255,BELVIDERE
5255,BLETCHLEY
5255,FINNISS
5267,SHERWOOD
5255,GEMMELLS
5255,HARTLEY
5255,HIGHLAND VALLEY
5330,BOOLGUN
5255,LAKE PLAINS
5255,LANGHORNE CREEK
5255,MOUNT OBSERVATION
5262,HYNAM
5255,MULGUNDAWA
5255,SALEM
5255,SANDERGROVE
5262,KYBYBOLITE
5357,NOTTS WELL
5255,NALPA
5263,COONAWARRA
5264,COORONG
5267,WILLALOOKA
5267,WIRREGA
5255,RED CREEK
5255,STRATHALBYN
5255,TOOPERANG
5255,WILLYAROO
5255,WOODCHESTER
5256,CLAYTON BAY
5256,MILANG
5256,NURRAGI
5256,POINT STURT
5267,COOMBE
5256,TOLDEROL
5259,ASHVILLE
5259,JERVOIS
5259,KEPA
5260,TAILEM BEND
5259,LAKE ALBERT
5259,LAKE ALEXANDRINA
5259,MALINONG
5719,BULGUNNIA
5259,NARRUNG
5259,NATURI
5261,COOKE PLAINS
5261,COOMANDOOK
5259,POLTALLOCH
5259,WELLINGTON
5261,CULBURRA
5261,KI KI
5261,YUMALI
5267,KEITH
5259,WELLINGTON EAST
5260,ELWOMPLE
5262,BINNUM
5262,FRANCES
5264,MENINGIE
5264,MENINGIE EAST
5264,MENINGIE WEST
5264,SALT CREEK
5264,WALTOWA
5267,LAFFER
5267,MAKIN
5265,COONALPYN
5265,FIELD
5266,BUNBURY
5266,COLEBATCH
5266,DEEPWATER
5266,TINTINARA
5267,BRIMBAGO
5267,MCCALLUM
5268,BORDERTOWN
5268,BORDERTOWN SOUTH
5268,CANNAWIGARA
5268,LOWAN VALE
5268,POOGINAGORIC
5268,SENIOR
5268,WESTERN FLAT
5269,CUSTON
5269,PINE HILL
5269,WOLSELEY
5270,BUCKINGHAM
5270,CAREW
5270,KONGAL
5374,AUSTRALIA PLAINS
5270,MUNDULLA
5270,MUNDULLA WEST
5270,SWEDE FLAT
5271,BOOL LAGOON
5271,CADGEE
5271,JOANNA
5271,KEPPOCH
5271,KOPPAMURRA
5271,LAURIE PARK
5271,LOCHABER
5271,MARCOLLAT
5271,MOUNT LIGHT
5271,MOYHALL
5271,NARACOORTE
5271,PADTHAWAY
5271,SPENCE
5271,STEWART RANGE
5440,BULLOO CREEK
5271,STRUAN
5271,THE GAP
5271,WILD DOG VALLEY
5271,WRATTONBULLY
5272,COLES
5272,CONMURRA
5272,FOX
5272,GREENWAYS
5272,LUCINDALE
5330,HOLDER
5272,WOOLUMBOOL
5273,AVENUE RANGE
5275,BLACKFORD
5275,REEDY CREEK
5275,WANGOLINA
5275,BOATSWAIN POINT
5275,TILLEY SWAMP
5275,WEST RANGE
5440,COCKBURN
5275,CAPE JAFFA
5275,KEILIRA
5275,WYOMI
5275,KINGSTON SE
5275,MOUNT BENSON
5275,PINKS BEACH
5278,MOERLONG
5330,HOLDER SIDING
5275,ROSETOWN
5275,SANDY GROVE
5275,TARATAP
5304,PINNAROO
5276,BRAY
5276,NORA CREINA
5276,ROBE
5277,COMAUM
5277,GLENROY
5277,MAAOUPE
5277,MONBULLA
5277,NANGWARRY
5277,PENOLA
5277,PLEASANT PARK
5277,TARPEENA
5278,KALANGADOO
5278,KRONGART
5278,WEPAR
5279,KOORINE
5279,MOUNT BURR
5279,MOUNT MCINTYRE
5279,SHORT
5279,WATTLE RANGE EAST
5280,BEACHPORT
5280,CANUNDA
5280,CLAY WELLS
5280,FURNER
5440,CURNAMONA
5280,GERMAN FLAT
5280,HATHERLEIGH
5280,KANGAROO INN
5280,MAGAREY
5280,MILLICENT
5280,RENDELSHAM
5280,ROCKY CAMP
5280,SEBASTOPOL
5280,SOUTHEND
5291,BURRUNGULE
5291,CAPE DOUGLAS
5440,DEVONBOROUGH DOWNS
5280,TANTANOOLA
5280,THORNLEA
5280,WATTLE RANGE
5290,MOUNT GAMBIER
5291,ALLENDALE EAST
5291,CAROLINE
5291,CARPENTER ROCKS
5291,CAVETON
5291,COMPTON
5291,BLACKFELLOWS CAVES
5291,DISMAL SWAMP
5291,DONOVANS
5291,EIGHT MILE CREEK
5291,GERMAN CREEK
5330,KANNI
5291,GLENBURNIE
5291,GLENCOE
5291,KONGORONG
5291,MIL-LEL
5291,MINGBOOL
5291,MOORAK
5291,MOUNT SCHANK
5301,NETHERTON
5306,WYNARKA
5291,NENE VALLEY
5291,OB FLAT
5291,PELICAN POINT
5291,PORT MACDONNELL
5301,PARRAKIE
5440,ERUDINA
5291,RACECOURSE BAY
5291,SQUARE MILE
5291,SUTTONTOWN
5291,WANDILO
5291,WORROLONG
5301,PEAKE
5301,SHERLOCK
5309,SANDALWOOD
5291,WYE
5291,YAHL
5301,CARCUMA
5301,GERANIUM
5301,JABUK
5301,MOORLANDS
5302,LAMEROO
5302,NGARKAT
5303,PARILLA
5304,KARTE
5304,KRINGIN
5304,PEEBINGA
5307,KAROONDA
5307,MARAMA
5308,COPEVILLE
5308,GALGA
5308,MANTUNG
5308,MERCUNDA
5308,PERPONDA
5309,BORRIKA
5309,HALIDON
5309,MINDARIE
5310,WANBI
5311,ALAWOONA
5311,BILLIATT
5311,BUGLE HUT
5311,MAGGEA
5311,MALPAS
5311,MERIBAH
5311,PARUNA
5311,SCHELL WELL
5311,TALDRA
5311,TAPLAN
5311,WOODLEIGH
5311,WUNKAR
5320,BEATTY
5320,BEAUMONTS
5320,BRENDA PARK
5320,BUNDEY
5320,EBA
5320,LINDLEY
5320,MAUDE
5320,MORGAN
5320,MURBKO
5320,NORTH WEST BEND
5320,STUART
5320,WESTONS FLAT
5320,WOMBATS REST
5330,DEVLINS POUND
5330,GOOD HOPE LANDING
5321,CADELL
5321,CADELL LAGOON
5322,GOLDEN HEIGHTS
5322,QUALCO
5322,RAMCO
5322,RAMCO HEIGHTS
5322,SUNLANDS
5330,LOWBANK
5330,MARKARANKA
5330,OVERLAND CORNER
5330,POOGINOOK
5330,STOCKYARD PLAIN
5333,PYAP
5330,TAYLORVILLE
5330,TAYLORVILLE STATION
5330,WAIKERIE
5330,WIGLEY FLAT
5330,WOOLPUNDA
5333,PYAP WEST
5374,BOWER
5331,KINGSTON ON MURRAY
5332,MOOROOK
5332,MOOROOK SOUTH
5332,WAPPILKA
5332,YINKANIE
5340,MUNDIC CREEK
5374,BROWNLOW
5333,BOOKPURNONG
5333,LOXTON
5333,LOXTON NORTH
5333,NEW RESIDENCE
5333,PATA
5440,MELTON STATION
5340,MURTHO
5340,PARINGA
5374,POINT PASS
5340,PIKE RIVER
5340,WONUARRA
5340,YAMBA
5341,CALPERUM STATION
5341,CHAFFEY
5374,SUTHERLANDS
5341,CHOWILLA
5341,COOLTONG
5341,CRESCENT
5341,OLD CALPERUM
5341,RENMARK
5341,RENMARK NORTH
5341,RENMARK SOUTH
5341,RENMARK WEST
5344,GLOSSOP
5342,MONASH
5343,BERRI
5343,GERARD
5343,GURRA GURRA
5345,BARMERA
5353,PENRICE
5343,KATARAPKO
5343,LYRUP
5343,WINKIE
5345,LOVEDAY
5345,SPECTACLE LAKE
5346,COBDOGLA
5350,ROSEDALE
5350,SANDY CREEK
5352,GOMERSAL
5351,ALTONA
5351,BAROSSA GOLDFIELDS
5351,COCKATOO VALLEY
5351,LYNDOCH
5352,VINE VALE
5440,MINGARY
5351,MOUNT CRAWFORD
5351,PEWSEY VALE
5351,WILLIAMSTOWN
5352,BETHANY
5352,KRONDORF
5352,ROWLAND FLAT
5353,MOUNT MCKENZIE
5353,PUNYELROO
5352,STONE WELL
5352,TANUNDA
5353,ANGASTON
5353,BLACK HILL
5353,CAMBRAI
5353,KEYNETON
5353,LANGS LANDING
5353,MOCULTA
5440,MOOLEULOOLOO
5353,SEDAN
5353,SUNNYDALE
5353,TOWITTA
5354,BAKARA
5354,BAKARA WELL
5354,FISHER
5354,MARKS LANDING
5354,NAIDIA
5356,DUTTON
5354,SWAN REACH
5355,DAVEYSTON
5355,EBENEZER
5355,LIGHT PASS
5355,MARANANGA
5355,MOPPA
5355,NURIOOTPA
5355,SEPPELTSFIELD
5355,STOCKWELL
5356,ANNADALE
5356,DUTTON EAST
5356,SANDLETON
5356,ST KITTS
5356,STEINFELD
5356,TRURO
5357,BLANCHETOWN
5357,MCBEAN POUND
5357,PAISLEY
5360,GREENOCK
5360,NAIN
5371,MORN HILL
5371,ROSEWORTHY
5371,SHEA-OAK LOG
5371,TEMPLERS
5372,FREELING
5373,ALLENDALE NORTH
5381,BRADY CREEK
5373,BAGOT WELL
5373,BETHEL
5381,BRIGHT
5373,FORDS
5373,HAMILTON
5381,EMU DOWNS
5381,GERANIUM PLAINS
5373,KAPUNDA
5373,KOONUNGA
5373,ST JOHNS
5374,BUCHANAN
5374,EUDUNDA
5374,FRANKTON
5374,HAMPDEN
5381,HALLELUJAH HILLS
5440,FLORINA STATION
5374,HANSBOROUGH
5374,JULIA
5374,MOUNT MARY
5374,NEALES FLAT
5374,NGAPALA
5374,PEEP HILL
5440,MANUNDA STATION
5381,ROBERTSTOWN
5381,ROCKY PLAIN
5381,WORLDS END
5400,MAGDALA
5400,PINKERTON PLAINS
5400,WASLEYS
5400,WOOLSHEDS
5401,ALMA
5401,HAMLEY BRIDGE
5401,SALTER SPRINGS
5412,RIVERTON
5410,LINWOOD
5410,STOCKPORT
5411,GILES CORNER
5411,TARLEE
5412,RHYNIE
5413,MARRABEL
5412,WOOLSHED FLAT
5413,APOINGA
5413,BLACK SPRINGS
5417,LEIGHTON
5413,SADDLEWORTH
5413,STEELTON
5413,TARNMA
5413,TOTHILL BELT
5413,TOTHILL CREEK
5413,WATERLOO
5414,MANOORA
5415,MINTARO
5415,STANLEY
5416,FARRELL FLAT
5416,PORTER LAGOON
5417,BALAH
5417,BALDINA
5417,BOOBOROWIE
5417,BUNYUNG
5417,MONGOLATA
5440,WEEKEROO
5417,BURRA
5417,BURRA EASTERN DISTRICTS
5417,CANEGRASS
5417,DANGGALI
5417,FARAWAY HILL
5417,GLUEPOT
5417,GUM CREEK
5417,HANSON
5417,KOONOONA
5461,ERITH
5417,NORTH BOOBOROWIE
5417,OAKVALE STATION
5417,OLD KOOMOOLOO
5417,PARCOOLA
5417,PINE VALLEY STATION
5417,QUONDONG
5417,STURT VALE
5417,WARNES
5418,COLLINSVILLE
5418,MOUNT BRYAN
5440,MOUNT VICTOR STATION
5419,CANOWIE
5419,HALLETT
5419,MOUNT BRYAN EAST
5419,PINE CREEK
5419,ULOOLOO
5461,STOW
5419,WILLALO
5419,WONNA
5420,CANOWIE BELT
5420,WHYTE YARCOWIE
5421,FRANKLYN
5421,TEROWIE
5422,CAVENAGH
5440,MULYUNGARIE
5422,DAWSON
5422,ERSKINE
5422,HARDY
5422,MANNANARIE
5422,MINVALARA
5422,OODLA WIRRA
5422,PARATOO
5422,PARNAROO
5422,PETERBOROUGH
5440,MUNDI MUNDI
5422,SUNNYBRAE
5422,UCOLTA
5422,WAROONEE
5422,YATINA
5431,AMYTON
5431,BLACK ROCK
5431,COOMOOROO
5431,EURELIA
5461,WATCHMAN
5431,HAMMOND
5431,JOHNBURGH
5431,MINBURRA
5431,MINBURRA PLAIN
5431,MINBURRA STATION
5431,MORCHARD
5431,NORTH HILLS
5431,ORROROO
5432,BIBLIANDO
5431,PEKINA
5431,TARCOWIE
5431,WALLOWAY
5431,WILLOWIE
5431,YALPARA
5432,BARATTA
5432,BELTON
5440,WADNAMINGA
5432,CARRIETON
5432,CRADOCK
5432,HOLOWILIENA
5432,HOLOWILIENA SOUTH
5432,MOOCKRA
5432,THREE CREEKS
5432,WILCOWIE
5440,WAUKARINGA
5432,WILLIPPA
5432,WITCHITIE
5432,YANYARRIE
5433,BRUCE
5433,QUORN
5433,SALTIA
5433,STEPHENSTON
5433,WILLOCHRA
5433,YARRAH
5434,BARNDIOOTA
5434,BLACK HILL STATION
5434,MOUNT HAVELOCK
5434,PRELINNA
5434,SHAGGY RIDGE
5440,MARTINS WELL
5434,FLINDERS RANGES
5434,HAWKER
5434,KANYAKA
5434,UPALINNA
5434,WILLOW SPRINGS
5434,WORUMBA
5440,ABMINGA STATION
5440,BENDA
5440,BILLEROO WEST
5440,BIMBOWRIE
5440,BINDARRAH
5440,FROME DOWNS
5440,GRAMPUS
5440,KALABITY
5440,KALKAROO
5440,KOONAMORE
5440,LAKE FROME
5440,MANNA HILL
5440,MUTOOROO
5440,NACKARA
5440,NETLEY GAP
5440,OLARY
5440,OULNINA
5440,OULNINA PARK
5440,OUTALPA
5440,PINE CREEK STATION
5440,PLUMBAGO
5440,PUALCO RANGE
5440,QUINYAMBIE
5440,TEPCO STATION
5440,TIKALINA
5440,WIAWERA
5440,WINNININNIE
5440,WOMPINIE
5440,YARRAMBA
5440,YUNTA
5451,AUBURN
5451,UNDALYA
5452,LEASINGHAM
5452,WATERVALE
5453,ARMAGH
5453,BARINIA
5453,BENBOURNIE
5453,BOCONNOC PARK
5453,CLARE
5453,EMU FLAT
5453,GILLENTOWN
5453,HILL RIVER
5453,HOYLETON
5453,KYBUNGA
5453,PENWORTHAM
5453,POLISH HILL RIVER
5453,SEVENHILL
5453,SPRING FARM
5453,SPRING GULLY
5453,STANLEY FLAT
5454,ANDREWS
5454,BROUGHTON RIVER VALLEY
5454,EUROMINA
5454,HACKLINS CORNER
5454,MAYFIELD
5454,SPALDING
5454,WASHPOOL
5455,HILLTOWN
5460,BARABBA
5460,OWEN
5460,PINERY
5460,STOCKYARD CREEK
5461,BALAKLAVA
5461,BOWILLIA
5461,DALKEY
5461,EVERARD CENTRAL
5461,GOYDER
5461,HALBURY
5461,HOSKIN CORNER
5461,MOUNT TEMPLETON
5461,SAINTS
5461,WHITWARTA
5462,BLYTH
5464,ANAMA
5464,BRINKWORTH
5464,BUNGAREE
5464,CONDOWIE
5464,HART
5464,KOOLUNGA
5464,MAROLA
5464,ROCHESTER
5555,ALFORD
5470,YACKA
5471,GULNARE
5472,GEORGETOWN
5473,GLADSTONE
5642,HAMBIDGE
5480,APPILA
5480,LAURA
5480,STONE HUT
5481,BANGOR
5481,MURRAY TOWN
5491,BUNDALEER GARDENS
5491,BUNDALEER NORTH
5481,WIRRABARA
5481,WONGYARRA
5482,BOOLEROO CENTRE
5483,MELROSE
5491,HORNSDALE
5485,WILMINGTON
5490,CALTOWIE
5490,CALTOWIE NORTH
5490,CALTOWIE WEST
5491,BELALIE EAST
5491,BELALIE NORTH
5491,JAMESTOWN
5491,WEST BUNDALEER
5493,YONGALA
5495,BAROOTA
5495,GERMEIN BAY
5495,MAMBRAY CREEK
5495,NECTAR BROOK
5495,PORT GERMEIN
5495,WEEROONA ISLAND
5501,AVON
5501,CALOMBA
5501,DUBLIN
5540,NELSHABY
5540,PIRIE EAST
5501,LEWISTON
5501,LONG PLAINS
5501,LOWER LIGHT
5501,PARHAM
5501,PORT GAWLER
5550,BEAUFORT
5501,MIDDLE BEACH
5501,THOMPSON BEACH
5501,TWO WELLS
5501,WEBB BEACH
5501,WILD HORSE PLAINS
5501,WINDSOR
5502,FISCHER
5502,GRACE PLAINS
5502,KORUNYE
5502,MALLALA
5521,REDHILL
5502,REDBANKS
5502,REEVES PLAINS
5510,LOCHIEL
5520,BARUNGA GAP
5520,BUMBUNGA
5520,BURNSFIELD
5520,SNOWTOWN
5520,WOKURNA
5523,BEETALOO VALLEY
5523,CLEMENTS GAP
5523,CRYSTAL BROOK
5523,HUDDLESTON
5523,MERRITON
5523,NARRIDY
5523,NUROM
5523,WANDEARAH EAST
5523,WANDEARAH WEST
5540,BUNGAMA
5540,COONAMIA
5540,LOWER BROUGHTON
5540,NAPPERBY
5550,BOWMANS
5540,PORT DAVIS
5550,INKERMAN
5550,KALLORA
5550,NANTAWARRA
5540,PORT PIRIE
5540,PORT PIRIE SOUTH
5540,PORT PIRIE WEST
5540,RISDON PARK
5540,RISDON PARK SOUTH
5540,SOLOMONTOWN
5540,TELOWIE
5540,WARNERTOWN
5550,PORT WAKEFIELD
5550,PROOF RANGE
5550,SOUTH HUMMOCKS
5552,KAINTON
5552,KULPARA
5552,MELTON
5552,PASKEVILLE
5552,PORT ARTHUR
5552,SUNNYVALE
5552,THRINGTON
5554,BOORS PLAIN
5554,CUNLIFFE
5554,JERICHO
5554,JERUSALEM
5554,KADINA
5555,COLLINSFIELD
5555,HOPE GAP
5555,LAKE VIEW
5555,MUNDOORA
5555,TICKERA
5558,MOONTA BAY
5571,DOWLINGVILLE
5556,NORTH BEACH
5556,WALLAROO
5556,WALLAROO PLAIN
5556,WARBURTO
5558,AGERY
5558,CROSS ROADS
5558,EAST MOONTA
5558,HAMLEY
5558,KOOROONA
5558,MOONTA
5558,MOONTA MINES
5558,PORT HUGHES
5558,YELTA
5560,BUTE
5560,NINNES
5570,CLINTON
5570,CLINTON CENTRE
5570,PRICE
5570,WINULTA
5571,ARDROSSAN
5573,MAITLAND
5573,POINT PEARCE
5573,PORT VICTORIA
5571,BLACK POINT
5571,CUNNINGHAM
5573,SOUTH KILKERRAN
5571,JAMES WELL
5571,PETERSVILLE
5571,PINE POINT
5571,ROGUES POINT
5573,URANIA
5731,GIDGEALPA
5571,SANDILANDS
5571,TIDDY WIDDY BEACH
5572,ARTHURTON
5573,BALGOWAN
5573,CHINAMAN WELLS
5573,WAURALTEE
5573,WEETULTA
5573,YORKE VALLEY
5575,BLUFF BEACH
5608,MULLAQUANA
5575,BRENTWOOD
5575,CORNY POINT
5608,WHYALLA NORRIE
5632,KAPINNIE
5575,HARDWICKE BAY
5575,KOOLYWURTIE
5575,MARION BAY
5575,MINLATON
5577,THE PINES
5575,PARSONS BEACH
5575,POINT TURTON
5575,PORT RICKABY
5575,RAMSAY
5575,WHITE HUT
5575,WOOL BAY
5576,HONITON
5576,PORT MOOROWIE
5576,YORKETOWN
5577,COUCH BEACH
5577,FOUL BAY
5577,INNESTON
5577,POINT SOUTTAR
5606,PORT LINCOLN
5606,WEDGE ISLAND
5577,WAROOKA
5580,CURRAMULKA
5580,PORT JULIA
5581,PORT VINCENT
5581,SHEAOAK FLAT
5582,STANSBURY
5583,COOBOWIE
5583,EDITHBURGH
5583,SULTANA POINT
5600,WHYALLA
5600,WHYALLA PLAYFORD
5632,KARKOO
5601,BACKY POINT
5601,DOUGLAS POINT
5607,BOSTON
5607,BROOKER
5607,CHARLTON GULLY
5607,COFFIN BAY
5601,DOUGLAS POINT SOUTH
5607,COOMUNGA
5607,COULTA
5607,DUCK PONDS
5601,FALSE BAY
5607,FARM BEACH
5607,FOUNTAIN
5632,MITCHELL
5601,FITZGERALD BAY
5601,POINT LOWLY
5601,POINT LOWLY NORTH
5601,PORT BONYTHON
5607,GREEN PATCH
5607,HAWSON
5607,KELLIDIE BAY
5607,KIANA
5601,WHYALLA BARSON
5602,COWELL
5607,KOPPIO
5607,LINCOLN NATIONAL PARK
5607,LIPSON
5607,LITTLE DOUGLAS
5608,WHYALLA STUART
5631,CUMMINS
5602,LUCKY BAY
5602,MANGALO
5602,MIDGEE
5602,MILTALIE
5602,MINBRIE
5602,MITCHELLVILLE
5607,TIATUKIA
5602,PORT GIBBON
5603,ARNO BAY
5603,HINCKS
5603,VERRAN
5603,WHARMINDA
5604,PORT NEILL
5605,BUTLER
5605,TUMBY BAY
5607,LOUTH BAY
5607,MOODY
5607,MOUNT DRUMMOND
5607,TOOLIGIE
5607,TOOTENILLA
5611,GILLES DOWNS
5611,IRON BARON
5611,IRON KNOB
5607,MOUNT DUTTON BAY
5607,MOUNT HOPE
5607,MURDINGA
5607,WANGARY
5607,NORTH SHIELDS
5607,PEARLAH
5607,POINT BOSTON
5607,POONINDIE
5607,SHERINGA
5607,SLEAFORD
5611,KATUNGA STATION
5607,TULKA
5607,ULEY
5607,UNGARRA
5607,VENUS BAY
5607,WANILLA
5607,WHITES FLAT
5607,WHITES RIVER
5607,YALLUNDA FLAT
5609,COWLEDS LANDING
5609,MIDDLEBACK RANGE
5609,MURNINNIE BEACH
5609,WHYALLA JENKINS
5611,COOYERDOO
5611,CORUNNA STATION
5611,LAKE GILLES
5611,MYOLA STATION
5611,SECRET ROCKS
5630,EDILLILIE
5631,COCKALEECHIE
5632,YEELANNA
5633,BOONERDO
5633,LOCK
5633,ULYERRA
5640,CAMPOONA
5640,CLEVE
5640,JAMIESON
5640,WADDIKEE
5641,BARNA
5641,BUCKLEBOO
5641,BUNGEROO
5641,CARALUE
5641,CORTLINYE
5641,CUNYARIE
5641,KELLY
5641,KIMBA
5641,MOSELEY
5641,PANITYA
5641,PINKAWILLINIE
5641,SOLOMON
5641,WILCHERRY
5641,YALANDA
5641,YELTANA
5642,DARKE PEAK
5642,KIELPA
5642,MURLONG
5642,RUDALL
5650,COOTRA
5650,KOONGAWA
5650,WARRAMBOO
5651,KYANCUTTA
5652,PYGERY
5652,WUDINNA
5653,YANINEE
5654,COCATA
5654,KARCULTABY
5654,MINNIPA
5654,MOUNT DAMPER
5655,BOCKELBERG
5655,GAWLER RANGES
5655,KALDOONERA
5655,LOCKES CLAYPAN
5655,NARLABY
5655,POOCHERA
5660,CHILPENUNDA
5660,CUNGENA
5661,KOOLGERA
5661,PIMBAACLA
5661,WALLALA
5661,WIRRULLA
5661,YANTANABIE
5670,MOUNT WEDGE
5680,MUDAMUCKLA
5670,BRAMFIELD
5670,COLTON
5670,COOLILLIE
5670,ELLISTON
5670,KAPPAWANTA
5670,MOUNT JOY
5670,PALKAGEE
5670,POLDA
5670,TALIA
5671,BAIRD BAY
5671,CALCA
5671,COLLEY
5671,MORTANA
5671,MOUNT COOPER
5671,PORT KENNY
5671,TYRINGA
5671,WITERA
5680,CARAWA
5680,CHANDADA
5680,CHINBINGINA
5680,MARYVALE
5680,PUNTABIE
5680,EBA ANCHORAGE
5680,HASLAM
5680,INKSTER
5680,LAURA BAY
5690,KALANBI
5680,NUNJIKOMPITA
5680,PERLUBIE
5680,PETINA
5680,PIEDNIPPIE
5680,PINJARRA STATION
5680,PUREBA
5680,SCEALE BAY
5680,SMOKY BAY
5680,STREAKY BAY
5680,WESTALL
5680,YANERBIE
5690,BOOKABIE
5690,CEDUNA
5690,KOONIBBA
5690,MALTEE
5690,MERGHINY
5690,MITCHIDY MOOLA
5690,NADIA
5690,NANBONA
5690,NULLARBOR
5690,OAK VALLEY
5690,PENONG
5690,YUMBARRA
5730,ALPANA
5734,SIMPSON DESERT
5690,CEDUNA WATERS
5690,CHARRA
5690,CHUNDARIA
5690,COORABIE
5690,DENIAL BAY
5690,FOWLERS BAY
5690,THEVENARD
5690,UWORRA
5690,WANDANA
5690,WATRABA
5690,WHITE WELL CORNER
5690,YALATA
5690,YELLABINNA
5700,BLANCHE HARBOR
5700,COMMISSARIAT POINT
5700,CULTANA
5700,DAVENPORT
5700,MIRANDA
5700,MUNDALLIO
5700,PORT AUGUSTA
5700,PORT AUGUSTA WEST
5731,INNAMINCKA
5700,PORT PATERSON
5713,EMEROO
5730,ANGORIGINA
5700,WAMI KATA
5700,WINNINOWIE
5701,ARKAROOLA VILLAGE
5701,TARCOOLA
5701,WOOLUNDUNGA
5710,STIRLING NORTH
5713,KOOTABERRA
5713,LAKE TORRENS
5713,ISLAND LAGOON
5730,BELTANA
5713,LAKE TORRENS STATION
5713,MOUNT ARDEN
5713,OAKDEN HILLS
5713,WILKATANA STATION
5713,WINTABATINYANA
5730,ORATUNGA STATION
5713,PERNATTY
5717,KONDOOLKA
5713,SOUTH GAP
5713,WALLERBERDINA
5713,YADLAMALKA
5715,CARRIEWERLOO
5715,ILLEROO
5715,LINCOLN GAP
5715,PANDURRA
5715,WARTAKA
5730,PARACHILNA
5730,PUTTAPA
5715,YALYMBOO
5715,YUDNAPINNA
5717,HILTABA
5730,WARRAWEENA
5717,KOKATHA
5717,LAKE EVERARD
5717,LAKE GAIRDNER
5717,LAKE MACFARLANE
5731,LEIGH CREEK
5717,KOLENDO
5731,LEIGH CREEK STATION
5717,MAHANEWO
5717,THURLGA
5719,COMMONWEALTH HILL
5717,MOONAREE
5717,MOUNT IVE
5717,NONNING
5717,SIAM
5717,UNO
5717,YARDEA
5719,BON BON
5719,COONDAMBO
5719,GLENDAMBO
5719,KINGOONYA
5720,WOOMERA
5722,ANDAMOOKA
5722,ANDAMOOKA STATION
5723,ALLANDALE STATION
5730,WIRREALPA
5731,BOLLARDS LAGOON
5734,TODMORDEN
5719,LAKE HARRIS
5719,MULGATHING
5723,COOBER PEDY
5723,EVELYN DOWNS
5723,INGOMAR
5723,MABEL CREEK
5719,WILGENA
5723,MCDOUALL PEAK
5723,MOUNT BARRY
5723,MOUNT CLARENCE STATION
5723,MOUNT WILLOUGHBY
5723,NILPINNA STATION
5723,WILLIAM CREEK
5723,WINTINNA
5719,WIRRAMINNA
5724,MARLA
5724,WELBOURN HILL
5725,OLYMPIC DAM
5725,ROXBY DOWNS
5725,ROXBY DOWNS STATION
5720,ARCOONA
5720,BILLA KALINA
5720,BOSWORTH
5720,MILLERS CREEK
5720,MOUNT EBA
5720,MOUNT VIVIAN
5720,PARAKYLIA
5720,PIMBA
5720,PURPLE DOWNS
5734,WITJIRA
5720,STUARTS CREEK
5723,ANNA CREEK
5723,ARCKARINGA
5730,BELTANA STATION
5730,BLINMAN
5730,EDIACARA
5730,GUM CREEK STATION
5730,MOOLOOLOO
5730,MOORILLAH
5731,CORDILLO DOWNS
5730,MOTPENA
5730,MOUNT FALKLAND
5730,NARRINA
5731,FARINA
5731,FARINA STATION
5730,NILPENA
5731,LINDON
5731,LYNDHURST
5731,MERTY MERTY
5731,MOUNT FREELING
5731,MOUNT LYNDHURST
5731,MURNPEOWIE
5731,MYRTLE SPRINGS
5732,UMBERATANA
5731,MULGARIA
5731,STRZELECKI DESERT
5731,WITCHELINA
5732,ANGEPENA
5732,ARKAROOLA
5732,BURR WELL
5732,COPLEY
5732,NEPABUNNA
5732,NORTH MOOLOOLOO
5732,PINDA SPRINGS
5732,GAMMON RANGES
5732,MANNERS WELL
5732,MOOLAWATANA
5732,MOUNT SERLE
5732,MULGA VIEW
5733,ALTON DOWNS STATION
5732,WERTALOONA
5732,WOOLTANA
5732,YANKANINNA
5733,CALLANNA
5733,CLAYTON STATION
5733,CLIFTON HILLS STATION
5733,COWARIE
5733,DULKANINNA
5733,ETADUNNA
5733,PANDIE PANDIE
5733,KALAMURINA
5733,LAKE EYRE
5733,MARREE
5733,MARREE STATION
5733,MULKA
5733,MULOORINA
5733,MUNDOWDNA
5733,MUNGERANIE
5734,CROWN POINT
5950,ADELAIDE AIRPORT